Date,T,W,SR,DSP,DRH,PanE
"10,187",13.50,245.50,215.60,101.80,64,0.21
"10,287",15,350.80,290.40,101.80,69,0.27
"10,387",14.30,310.70,242.60,101.80,73,0.21
"10,487",13.50,595.40,97.50,101,87,0.16
"10,587",13.90,664.20,234.40,101.40,66,0.40
"10,687",12.80,380.80,216.60,101.90,67,0.24
"10,787",13.30,404.50,246,101.80,69,0.28
"10,887",12,302.90,303.60,102.30,61,0.28
"10,987",12.50,334.80,269.10,102.30,47,0.36
"11,087",11.70,245.10,321.40,102,46,0.34
"11,187",13.70,251.50,320.10,101.80,37,0.40
"11,287",14.30,266.50,319.30,101.70,36,0.46
"11,387",13.10,258.70,236.20,101.60,68,0.21
"11,487",13.60,303.80,169.60,101.30,75,0.17
"11,587",12.10,546.60,225.10,100.70,56,0.42
"11,687",7.60,429.60,331.10,101.20,32,0.50
"11,787",8.50,307,325,102,33,0.40
"11,887",10.80,348,314.40,102.30,53,0.35
"11,987",11.80,348,297.70,101.50,62,0.30
"12,087",13,486.10,349.60,102.10,20,0.72
"12,187",11.10,307.50,324.10,102.30,34,0.44
"12,287",12.10,346.20,263.60,101.70,50,0.33
"12,387",13.20,247.40,239.60,101.40,72,0.18
"12,487",13.10,305.20,328.60,101.90,72,0.23
"12,587",14.30,251.50,354.10,102.10,66,0.28
"12,687",16.50,278.80,349.50,101.90,43,0.42
"12,787",15.70,254.20,177.70,101.60,57,0.28
"12,887",15.50,362.20,304.40,101.70,77,0.28
"12,987",13.80,291.50,325.30,101.70,71,0.26
"13,087",13.60,376.70,257.80,101.40,67,0.28
"13,187",13.60,292.50,362.30,101.70,70,0.30
"20,187",14.30,262.80,359.70,101.60,60,0.32
"20,287",13.50,290.20,329.70,101.30,67,0.27
"20,387",13.80,306.10,227.90,101.30,77,0.18
"20,487",14.70,384.50,384.60,101.60,75,0.32
"20,587",17,285.20,375.60,101.90,38,0.51
"20,687",19.60,454.60,382.90,101.80,25,0.85
"20,787",21.10,415,217.50,101.60,20,0.81
"20,887",18,256,259.50,101.40,35,0.49
"20,987",16,291.10,211.20,101.40,70,0.25
"21,087",16.60,272.40,268.40,101.50,81,0.19
"21,187",16.30,358.10,293.20,101.90,80,0.24
"21,287",15.90,448.70,263.30,102.10,78,0.26
"21,387",15.70,406.30,209.20,102,76,0.21
"21,487",16.10,329.40,381.50,101.70,74,0.30
"21,587",13.70,279.20,167.70,101.40,84,0.14
"21,687",14.30,442.80,424.40,101.60,55,0.50
"21,787",13.70,231.40,409.90,101.70,52,0.36
"21,887",13.40,317.10,393.10,101.30,59,0.40
"21,987",13.70,378.10,418.70,101.40,36,0.53
"22,087",13.70,378.60,421.60,101.70,29,0.58
"22,187",13.20,353,467,101.70,41,0.52
"22,287",11.70,347.60,314.70,101.20,72,0.27
"22,387",11.20,579.90,207.90,100.50,68,0.31
"22,487",9.90,562.60,223.60,100.50,71,0.27
"22,587",9.90,495.20,346.30,100.70,68,0.30
"22,687",11.10,439.10,370.90,101.20,58,0.38
"22,787",12.10,291.50,460.30,101.90,61,0.39
"22,887",12.30,328,413.10,101.90,61,0.35
"30,187",12.60,316.10,440.90,101.60,73,0.32
"30,287",13.60,315.20,417.20,101.80,63,0.35
"30,387",15.50,214.60,461,101.90,53,0.40
"30,487",19.40,270.10,344.50,101.60,30,0.59
"30,587",17.70,451.40,214.40,101.50,52,0.48
"30,687",15.10,248.30,138.60,101.50,89,0.11
"30,787",14.70,374,259,101.60,86,0.18
"30,887",14.80,349.40,358.60,101.60,77,0.28
"30,987",14.80,305.70,253.50,101.70,75,0.22
"31,087",14.20,343,350.40,101.90,75,0.27
"31,187",15.70,436.40,494.40,102.10,70,0.46
"31,287",15.10,435,269.50,101.90,80,0.28
"31,387",15.40,395,461,101.90,67,0.43
"31,487",14.90,495.20,404,101.40,69,0.43
"31,587",13.50,952.10,413.80,101,57,0.65
"31,687",14.10,349.90,496.60,101.20,59,0.47
"31,787",14,273.30,547.80,101.50,62,0.44
"31,887",14,345.30,336.70,101.20,74,0.28
"31,987",14,687,466.90,101.20,56,0.62
"32,087",13.20,411.40,520.60,101.50,60,0.52
"32,187",12.80,629.10,333.70,101.30,65,0.46
"32,287",12.70,637.30,456.10,101.50,54,0.60
"32,387",12.70,384.90,469.50,101.60,65,0.41
"32,487",13.80,407.30,501.10,101.10,61,0.49
"32,587",14.70,236.90,587.70,101.30,55,0.54
"32,687",15.40,237.30,589,101.80,57,0.52
"32,787",14.60,347.60,513.80,101.60,71,0.43
"32,887",15.20,313,572.10,101.40,65,0.49
"32,987",17.40,314.80,559.60,101.60,34,0.70
"33,087",18.10,331.60,560.70,101.80,18,0.89
"33,187",17.70,264.20,601.20,101.30,20,0.79
"40,187",16.90,375.80,585.40,101.60,44,0.72
"40,287",14.90,395.90,444.70,101.60,70,0.43
"40,387",14.30,616.80,441.60,101.20,65,0.45
"40,487",13.90,372.20,552,101.40,69,0.46
"40,587",14.80,335.70,572.20,101.70,68,0.48
"40,687",15.90,378.60,598.40,101.50,70,0.54
"40,787",18,332.50,575,101.40,59,0.61
"40,887",19.70,289.30,629.90,101.40,49,0.77
"40,987",19.70,305.70,627.30,101.50,34,0.78
"41,087",16.30,356.70,609.70,101.50,74,0.50
"41,187",15.50,435,289.80,101.10,73,0.33
"41,287",16,436,542.10,101.20,65,0.55
"41,387",17.70,307.90,614.50,101.50,68,0.56
"41,487",20,407.30,607.20,101.40,43,0.78
"41,587",18.70,355.30,580.90,101.40,61,0.60
"41,687",16.50,340.30,554.90,101.40,78,0.43
"41,787",15.20,319.30,294.70,101.20,75,0.27
"41,887",15.50,474.20,407,101.10,67,0.46
"41,987",16.50,405.90,636.10,101.40,59,0.68
"42,087",19.10,364,682.20,101.60,40,0.88
"42,187",22.50,362.20,669.40,101.40,21,1.14
"42,287",21.80,366.70,656.80,101.20,27,1.03
"42,387",18.10,362.20,605.70,101.50,69,0.58
"42,487",17.50,322.50,631.90,101.40,67,0.58
"42,587",16.50,354,455.60,101.50,73,0.41
"42,687",16.40,307,313.60,101.70,76,0.30
"42,787",16.20,377.60,307.60,101.50,83,0.26
"42,887",16.50,287.40,309.70,101.50,81,0.25
"42,987",16.50,362.60,274.40,101.40,77,0.28
"43,087",17.50,433.70,577.70,101.60,64,0.62
"50,187",17.10,463.30,542.60,101.60,65,0.58
"50,287",17,a,627.60,101.40,66,0.62
"50,387",18.60,403.60,695.60,101.30,60,0.74
"50,487",20.40,345.80,707.90,101.20,56,0.78
"50,587",19,390.40,684.90,101.20,77,0.62
"50,687",18.40,367.60,559.20,101.20,74,0.51
"50,787",17.60,354.90,323,101.20,80,0.29
"50,887",18.20,371.30,442,101.20,77,0.40
"50,987",18.10,445.50,286.90,101.30,82,0.28
"51,087",17.50,337.10,348.10,101.10,83,0.28
"51,187",18.30,355.30,466.60,101.10,79,0.41
"51,287",18.90,401.30,442.80,101,79,0.40
"51,387",17.60,361.20,308.10,101.20,84,0.25
"51,487",17.50,326.60,333.40,101.20,81,0.29
"51,587",17.40,386.80,251,101.40,84,0.23
"51,687",18.40,376.70,477.60,101.30,73,0.47
"51,787",18.60,470.10,402.60,101.10,73,0.46
"51,887",17.40,420.50,533.10,101.30,62,0.61
"51,987",16.80,432.30,413.80,101.30,60,0.53
"52,087",17.20,469.20,476.80,101.30,53,0.63
"52,187",17.20,438.20,611.50,101.60,60,0.68
"52,287",17.30,463.70,650.70,101.60,66,0.69
"52,387",17.50,528,539.30,101.60,62,0.66
"52,487",17,495.60,341.20,101.50,66,0.48
"52,587",16.20,720.70,313.20,101.20,58,0.60
"52,687",16,586.70,361.40,101.40,62,0.53
"52,787",16.60,453.70,608.30,101.40,62,0.66
"52,887",16.80,380.80,336.10,101.50,68,0.38
"52,987",17.20,368.10,375.90,101.40,69,0.41
"53,087",17.60,374.90,610.50,101.30,70,0.58
"53,187",18.10,317.50,696.60,101.20,73,0.63
"60,187",18.80,389.50,669.10,101.20,72,0.64
"60,287",18.20,342.10,700.40,101.40,72,0.64
"60,387",18.40,449.20,629.70,101.40,77,0.59
"60,487",18.70,412.30,528,101.30,75,0.49
"60,587",19,409.10,511.40,101.10,77,0.48
"60,687",18.10,506.60,361.80,101.30,79,0.38
"60,787",18.40,387.20,336.80,101.30,76,0.36
"60,887",18.20,425.90,345.60,101.30,79,0.36
"60,987",17.50,333.90,334.40,101.10,83,0.28
"61,087",17,332.50,328.40,101.10,81,0.28
"61,187",16.80,346.70,336.70,101.20,79,0.30
"61,287",17.60,369,337.20,101.60,79,0.32
"61,387",180,483.30,597.30,101.70,74,0.59
"61,487",18,481.10,562.90,101.50,68,0.60
"61,587",18.60,502.90,717.80,101.50,66,0.79
"61,687",18.60,535.30,717.50,101.40,71,0.76
"61,787",18.40,379.90,693.60,101.40,70,0.69
"61,887",18,384.90,692.80,101.60,68,0.69
"61,987",18.20,377.60,659.90,101.40,67,0.66
"62,087",17.70,401.80,580.70,101.30,68,0.60
"62,187",18,394.50,531.60,101.10,70,0.54
"62,287",18.40,405.90,655.50,101,72,0.65
"62,387",17.30,396.30,327.10,101.20,81,0.30
"62,487",18.40,345.80,578.40,101.40,75,0.52
"62,587",18.20,367.20,611.30,101.30,75,0.56
"62,687",18,401.30,328.80,101.50,77,0.33
"62,787",18.80,488.30,630.40,101.50,74,0.64
"62,887",18.60,426.40,653.90,101.40,68,0.68
"62,987",18.90,449.20,667.60,101.30,63,0.76
"63,087",18.60,440.50,581.70,101.40,63,0.67
"70,187",19,467.80,574.60,101.50,67,0.64
"70,287",18.80,472.40,639.20,101.40,70,0.68
"70,387",18.30,397.70,617,101.20,72,0.60
"70,487",18,396.30,634.70,101.20,69,0.63
"70,587",17.80,373.50,601.20,101.30,71,0.58
"70,687",18.20,381.30,583.40,101.30,69,0.58
"70,787",17.80,403.20,467,101.20,75,0.46
"70,887",17.90,486.50,340.90,101,77,0.37
"70,987",18.50,465.60,478.90,101,74,0.50
"71,087",18.40,390.90,444.30,101.20,73,0.45
"71,187",19.40,392.70,660.60,101.30,64,0.72
"71,287",19.90,532.50,663.80,101.40,68,0.76
"71,387",19.50,492.90,654.40,101.30,75,0.66
"71,487",18.90,438.20,472,101.10,78,0.46
"71,587",18.50,359,318.10,101.10,80,0.30
"71,687",18,467.80,329,101.10,78,0.35
"71,787",17.80,401.80,263,101.30,84,0.25
"71,887",19.20,354.40,670.20,101.40,63,0.71
"71,987",19.30,369,710.40,101.20,68,0.71
"72,087",19.10,424.10,303.40,101.20,74,0.36
"72,187",18.80,512,649.60,101.50,64,0.74
"72,287",19.30,441,676,101.50,66,0.73
"72,387",19.30,468.30,659.60,101.20,71,0.69
"72,487",19.10,444.60,539.60,101.10,71,0.56
"72,587",18.90,332.10,623.30,101,73,0.57
"72,687",19.20,320.20,595.50,100.90,75,0.53
"72,787",18.70,340.70,456,101,79,0.40
"72,887",19.60,370.40,618.90,101,73,0.60
"72,987",20.30,379,619.30,100.90,73,0.62
"73,087",20.80,364,650.60,100.80,70,0.66
"73,187",21.40,350.30,693.20,101,70,0.71
"80,187",22.20,375.40,572.20,101,69,0.61
"80,287",23,356.70,569.60,100.90,71,0.61
"80,387",22.50,357.10,618.50,101,72,0.65
"80,487",21.80,347.60,667.10,101,71,0.69
"80,587",20.40,371.30,555.60,101,76,0.54
"80,687",21.20,333.90,468.10,101,72,0.49
"80,787",21.10,361.20,595.80,101.10,73,0.61
"80,887",21.50,371.30,610.70,101.20,72,0.65
"80,987",21.60,425.50,611.80,101.20,72,0.67
"81,087",21.30,343.50,601.80,101.20,71,0.63
"81,187",21.40,375.80,646.90,101.30,71,0.70
"81,287",21.30,470.60,606.70,101.30,71,0.68
"81,387",19.30,416.80,284.80,101.20,82,0.30
"81,487",18.10,384.90,292.70,101.10,75,0.33
"81,587",19.70,432.30,529.50,101.40,64,0.64
"81,687",20.20,436,593.70,101.50,67,0.67
"81,787",19.60,459.60,338.30,101.60,74,0.43
"81,887",19.70,535.70,473.90,101.50,73,0.55
"81,987",20,434.10,597.60,101.40,71,0.63
"82,087",20.20,345.30,613.40,101.40,70,0.61
"82,187",20.30,388.10,637.90,101.50,69,0.66
"82,287",20.20,477,604.20,101.60,63,0.71
"82,387",19.50,423.20,628.60,101.60,69,0.65
"82,487",19.30,374,628.20,101.50,65,0.68
"82,587",19.20,368.10,609,101.50,61,0.68
"82,687",19.30,362.20,496.80,101.60,68,0.53
"82,787",19.60,405,484.70,101.50,76,0.48
"82,887",19.30,309.80,454.90,101.40,79,0.39
"82,987",19.80,313,414.10,101.50,76,0.39
"83,087",20.40,444.60,552.50,101.60,76,0.55
"83,187",21.40,504.70,519.20,101.50,74,0.59
"90,187",22.70,430,490.20,101.20,67,0.63
"90,287",21.90,333,571.70,101.10,77,0.55
"90,387",20.10,378.10,262.90,101.30,84,0.26
"90,487",21.30,333.90,576.40,101.20,70,0.60
"90,587",20.60,354.40,579.10,101.30,73,0.57
"90,687",20,395.90,600.40,101.30,73,0.58
"90,787",21,304.30,598.50,101.20,64,0.62
"90,887",22.90,292.90,580.50,101.20,56,0.70
"90,987",21.90,395.90,505.20,101.40,69,0.58
"91,087",21,320.70,424.80,101.30,74,0.43
"91,187",20,408.60,517,101,71,0.56
"91,287",19.20,575.30,258,101.10,68,0.45
"91,387",19.10,441.90,526.70,101.40,63,0.61
"91,487",19.50,373.50,585.40,101.60,69,0.59
"91,587",19.80,320.20,555,101.40,74,0.51
"91,687",19.70,343.90,467,101.10,71,0.47
"91,787",19.70,366.30,560.20,101.30,69,0.56
"91,887",20,441.90,552.80,101.40,72,0.56
"91,987",20.20,419.10,508.20,101.30,74,0.50
"92,087",20,390.90,473,101.20,78,0.44
"92,187",20.50,331.20,433.20,101.10,75,0.42
"92,287",20.60,385.40,256,101.40,87,0.24
"92,387",20.80,370.40,295,101.60,84,0.27
"92,487",20.30,328.40,322.20,101.50,81,0.30
"92,587",19.30,347.60,375.60,101.40,80,0.34
"92,687",19.10,301.10,351,101.20,74,0.36
"92,787",19.40,329.40,464.70,101.30,73,0.46
"92,887",19.90,381.70,518.60,101.40,77,0.48
"92,987",21.20,408.60,506.90,101.40,76,0.51
"93,087",22,379,433,101.20,77,0.45
"100,187",22.40,385.80,502.10,101,69,0.53
"100,287",21.40,348.90,477.40,101.30,81,0.42
"100,387",25.80,330.30,502.80,101.30,47,0.73
"100,487",26.40,262.80,480.10,101.30,36,0.74
"100,587",20.70,283.80,471.50,101.30,80,0.40
"100,687",19.40,338.90,391.30,101.30,79,0.33
"100,787",20.50,440.50,421.30,101.40,76,0.44
"100,887",19.40,357.10,409.70,101.30,71,0.44
"100,987",19.20,383.60,429.10,101.40,66,0.48
"101,087",18.90,372.20,419.20,101.50,73,0.40
"101,187",20.10,298.40,162.30,101.70,83,0.18
"101,287",20,392.20,214.10,101.40,88,0.20
"101,387",19.10,297,365.30,101.30,71,0.35
"101,487",19.50,381.70,290.40,101.30,74,0.34
"101,587",19.60,353,296.90,101.30,71,0.34
"101,687",19.20,360.30,313.30,101.60,74,0.33
"101,787",19.40,409.10,342.60,101.70,75,0.38
"101,887",18.20,345.30,163.60,101.70,90,0.18
"101,987",19.60,437.30,388.50,101.40,67,0.46
"102,087",18.70,324.80,325.60,101.50,71,0.34
"102,187",19.70,239.60,302,101.50,70,0.30
"102,287",19.80,446.90,184.70,101.30,87,0.21
"102,387",19.30,385.40,340.70,101.40,82,0.29
"102,487",19.60,270.60,235.70,101.70,77,0.25
"102,587",20.60,328.40,246.40,101.90,64,0.36
"102,687",22.30,246.90,310.30,101.50,53,0.44
"102,787",21.80,332.50,275.20,101.40,67,0.41
"102,887",20.60,366.30,269.80,101.60,73,0.30
"102,987",19.20,378.60,325.20,101.60,78,0.32
"103,087",18.30,252.40,305.50,101.40,72,0.28
"103,187",18.30,401.30,108.10,100.60,91,0.13
"110,187",18.70,524.80,273.80,101.20,79,0.30
"110,287",17.30,461.50,197.30,101.60,66,0.36
"110,387",16.30,344.40,391.10,101.40,60,0.43
"110,487",16.20,343,230.30,101.20,70,0.25
"110,587",15.80,392.70,214.70,101.40,76,0.22
"110,687",16.70,326.60,309.90,101.90,74,0.28
"110,787",16.20,295.20,321,101.90,73,0.27
"110,887",16.80,371.30,363.70,101.90,80,0.28
"110,987",18,329.80,342,101.80,75,0.30
"111,087",19.50,227.80,360.30,101.80,44,0.47
"111,187",19.60,225.50,375.80,101.90,35,0.54
"111,287",18.30,216.40,362.80,101.70,51,0.39
"111,387",17,306.10,233.40,101.40,76,0.24
"111,487",17,449.20,314.40,101.30,69,0.36
"111,587",15.60,311.10,360.30,101.70,62,0.36
"111,687",15.30,277.90,305,101.70,65,0.29
"111,787",16.30,259.20,240.70,101.60,62,0.27
"111,887",18.10,346.70,350.70,101.90,58,0.39
"111,987",19,281.10,334.90,102.10,33,0.59
"112,087",17.40,256.50,330.30,101.80,30,0.49
"112,187",16.30,325.70,296.70,101.50,67,0.32
"112,287",15.30,267.40,330.10,101.30,70,0.27
"112,387",15.70,277.40,323.30,101.40,72,0.27
"112,487",15.60,260.60,338.10,101.80,59,0.31
"112,587",15.20,322.10,245.80,101.30,65,0.30
"112,687",14.20,255.60,320.60,101.70,36,0.41
"112,787",13.70,249.60,337.50,101.50,38,0.41
"112,887",14,291.10,283.90,101.10,57,0.34
"112,987",15.10,364,290.80,101.60,63,0.35
"113,087",13.40,292.50,240.80,101.90,65,0.23
"120,187",14.20,288.80,298.70,101.80,68,0.26
"120,287",15,340.30,300,101.80,72,0.25
"120,387",14.70,263.80,264.50,101.80,76,0.18
"120,487",15.50,539.80,127,101.70,83,0.19
"120,587",15.30,238.70,184.40,101.80,73,0.17
"120,687",14.60,256.50,271,102.10,72,0.23
"120,787",15.60,392.20,249.70,102,75,0.27
"120,887",14,270.60,268.20,102,69,0.23
"120,987",15.10,348,269.30,102,69,0.27
"121,087",16,200,284.20,101.80,61,0.25
"121,187",14.50,251,290.30,101.30,76,0.19
"121,287",14.20,430,200.10,100.80,79,0.23
"121,387",10.20,711.60,309.10,101.10,16,0.78
"121,487",8.10,213.60,197.20,102.20,26,0.33
"121,587",9.30,243.70,127.40,101.80,30,0.33
"121,687",11.10,605.90,78.40,100.60,59,0.40
"121,787",13.30,470.60,125.80,100.20,74,0.25
"121,887",12.30,277.90,302.40,101.10,60,0.27
"121,987",12.10,406.30,105.60,101.30,83,0.15
"122,087",12.20,282.40,293.20,102.10,64,0.24
"122,187",12.10,285.20,286.20,102.10,57,0.27
"122,287",12.80,387.20,275.10,101.60,69,0.27
"122,387",12.10,582.20,307.10,101.50,44,0.57
"122,487",7.70,378.10,291.70,101.40,37,0.40
"122,587",7.20,302.90,315.20,101.70,24,0.41
"122,687",8.60,267.90,281.70,102.50,38,0.35
"122,787",8.90,251.90,231.50,102.40,50,0.24
"122,887",9.80,197.70,168.60,102.10,49,0.22
"122,987",10.10,317.50,175.20,102,66,0.22
"123,087",10.40,327.50,228.40,102.30,60,0.26
"123,187",10.70,248.70,244.30,102.20,47,0.28
"10,188",10.90,250.10,263.50,102.20,30,0.37
"10,288",11.70,194.50,205.90,102.10,28,0.35
"10,388",13.10,169,136.80,102,46,0.26
"10,488",14.50,178.10,238.90,101.90,46,0.29
"10,588",13.40,415.90,128.70,101.70,82,0.18
"10,688",13,291.10,286.50,101.90,72,0.22
"10,788",11.30,281.50,218.80,102,78,0.14
"10,888",12.20,263.80,279.80,102.10,70,0.21
"10,988",12.60,275.10,309.10,102.10,73,0.21
"11,088",15.40,249.20,270.20,101.90,47,0.33
"11,188",13.90,262.80,237,101.60,80,0.20
"11,288",13.10,306.60,313.20,101.80,64,0.33
"11,388",13.20,280.20,295.20,102.20,45,0.37
"11,488",14.70,185.40,332.70,102.10,33,0.42
"11,588",13.90,253.70,166.50,101.60,61,0.24
"11,688",13.10,307.50,218.40,101.60,71,0.23
"11,788",12.80,"1,089.70",101.10,100.20,80,0.36
"11,888",12.90,776.70,293.60,101.10,56,0.56
"11,988",11.40,329.40,344,101.80,51,0.40
"12,088",10.50,245.50,346.50,102.70,37,0.36
"12,188",11.20,238.70,316.40,102.10,51,0.31
"12,288",14.90,547.10,336.40,102.50,21,0.83
"12,388",12.60,245.50,354.30,102.10,33,0.42
"12,488",14.60,272,355.50,102,46,0.41
"12,588",15.70,215.50,323.70,102,38,0.43
"12,688",16.20,281.50,281.30,101.80,32,0.47
"12,788",15.80,238.70,230.80,101.70,36,0.37
"12,888",16.50,230,315.60,101.70,34,0.43
"12,988",14.10,295.60,303.90,101.80,73,0.28
"13,088",13.50,279.20,281.70,101.70,69,0.25
"13,188",13.20,302,238.60,101.50,67,0.26
"20,188",13.60,414.10,289.50,101.40,67,0.32
"20,288",11.80,408.60,93.90,101.10,93,0.08
"20,388",13.30,266,253.70,101.90,74,0.21
"20,488",13.60,219.60,347.70,101.90,53,0.31
"20,588",14,254.20,368.90,102.10,32,0.47
"20,688",15.90,295.20,404.40,101.90,33,0.60
"20,788",14.70,206.80,400.90,102,30,0.49
"20,888",14.60,220.90,403.60,101.90,42,0.43
"20,988",16,283.30,384.30,101.80,47,0.44
"21,088",18.50,348,409,101.50,37,0.60
"21,188",20.50,270.10,429.50,101.60,23,0.73
"21,288",18.70,258.70,418.60,101.60,22,0.67
"21,388",16.20,211.40,423,101.50,42,0.46
"21,488",16.40,284.70,414.70,101.60,43,0.45
"21,588",15.40,263.30,411.60,101.40,48,0.40
"21,688",12.80,281.10,415.40,101.20,78,0.26
"21,788",15.10,524.30,447.50,101.80,20,0.76
"21,888",13.30,427.80,368.70,101.30,63,0.44
"21,988",15,370.40,429.10,101.80,26,0.62
"22,088",15.30,306.10,430.10,102.10,29,0.61
"22,188",15.50,301.60,394.90,101.80,39,0.49
"22,288",13.80,280.20,368.50,101.40,75,0.27
"22,388",13.80,366.70,384.50,101.60,73,0.32
"22,488",14.20,390.90,400.40,101.80,76,0.30
"22,588",16,353.50,369.90,101.50,63,0.39
"22,688",16.60,354.90,282.90,101.40,70,0.32
"22,788",17.90,544.40,292.10,101.70,68,0.39
"22,888",16.50,379.90,319,101.90,85,0.23
"22,988",15.90,539.80,289.20,101.90,76,0.29
"30,188",14.40,424.10,272.60,101.70,81,0.21
"30,288",13.70,376.30,466.70,101.40,70,0.37
"30,388",14.10,355.30,405.90,101.70,77,0.29
"30,488",14.70,395.90,337.50,101.90,74,0.30
"30,588",15.30,345.30,363.90,102,77,0.30
"30,688",14.50,342.10,332.20,101.70,77,0.28
"30,788",15.20,372.20,430.90,101.60,66,0.42
"30,888",15.40,425.50,519.20,102.10,69,0.43
"30,988",13.90,339.40,359.80,102.10,81,0.24
"31,088",14.20,414.10,515.90,101.40,48,0.56
"31,188",14,446.90,516.90,101.40,47,0.61
"31,288",14.60,365.80,535,101.80,27,0.71
"31,388",15.20,383.60,525.50,101.90,25,0.78
"31,488",15.20,292.50,516.60,101.40,30,0.60
"31,588",14.10,399.50,389.90,101.40,57,0.44
"31,688",14.70,453.70,435.30,101.80,60,0.48
"31,788",15.20,362.20,543.80,102.20,60,0.54
"31,888",16.50,281.50,571.10,102.20,42,0.65
"31,988",19.60,308.90,571.20,101.70,24,0.87
"32,088",19.40,175.80,510,101.60,21,0.69
"32,188",16.50,270.10,529.20,101.70,55,0.53
"32,288",15.70,351.70,506.50,101.80,70,0.42
"32,388",16.20,319.30,560,101.70,72,0.46
"32,488",18.80,375.80,584.90,101.30,56,0.64
"32,588",23.70,326.60,560.10,101.40,22,0.97
"32,688",24,284.70,588,101.10,26,0.96
"32,788",18.50,431.40,538.90,100.90,71,0.57
"32,888",17.80,436.90,574.20,101.30,72,0.54
"32,988",18.60,315.20,584.30,101.50,32,0.80
"33,088",15.80,355.80,476.20,101,66,0.51
"33,188",17.40,404.10,561.50,101.20,38,0.71
"40,188",18.20,326.60,587.30,101.60,26,0.81
"40,288",17.10,307.50,613.60,101.50,40,0.70
"40,388",16.60,271,618.80,101.30,54,0.62
"40,488",16,378.10,553.70,101.40,68,0.52
"40,588",17.70,315.20,591.30,101.60,68,0.53
"40,688",19.40,388.10,609.50,101.40,62,0.67
"40,788",18,299.70,527.70,101.20,72,0.47
"40,888",17.10,342.10,589.40,101.20,75,0.49
"40,988",17.70,338.90,545.60,101.40,78,0.45
"41,088",19.60,343,529.90,101.40,59,0.55
"41,188",18.60,410.40,537.40,101.20,68,0.52
"41,288",18.40,395,485.70,101.20,71,0.45
"41,388",17.60,408.60,416.90,101.20,74,0.40
"41,488",15.30,543.90,285,101.20,74,0.32
"41,588",13.70,500.60,372.40,101.20,64,0.42
"41,688",15.80,404.50,526.10,101.60,66,0.51
"41,788",15.60,480.60,293.60,101.90,75,0.35
"41,888",15.80,431.90,411.60,101.80,78,0.37
"41,988",16.90,470.60,546.80,101.40,70,0.53
"42,088",14.20,492.40,245.20,101,88,0.19
"42,188",14.20,524.30,326.60,100.50,74,0.32
"42,288",15.20,400.40,520.30,101.40,69,0.47
"42,388",14.90,472.90,392.60,101.70,69,0.44
"42,488",15.20,407.30,637.60,102,61,0.60
"42,588",16.40,390.90,682.50,101.50,70,0.60
"42,688",16.30,423.70,627.40,101.20,77,0.52
"42,788",16.10,389.50,382.10,101.20,71,0.39
"42,888",16.80,411.80,454.90,101.60,59,0.54
"42,988",16.80,335.70,689.60,101.80,65,0.65
"43,088",16.60,638.70,558,101.60,67,0.65
"50,188",15.90,669.60,652.30,101.80,44,0.98
"50,288",17.70,436.40,714.70,101.80,36,0.97
"50,388",17.70,287.90,715.20,101.30,50,0.76
"50,488",16.10,410.90,613.20,101.30,72,0.56
"50,588",14.50,596.80,562,101.80,55,0.69
"50,688",14.50,573.10,638.90,102.10,56,0.73
"50,788",14.90,462.80,537.90,101.90,68,0.52
"50,888",15.50,509.80,660.60,101.90,66,0.64
"50,988",16.80,428.20,703.60,101.70,63,0.71
"51,088",20,384.50,717.10,101.70,57,0.84
"51,188",20.20,339.40,690.20,101.50,64,0.72
"51,288",19.90,328.40,711,101.40,65,0.71
"51,388",17.80,347.10,704.10,101.40,78,0.60
"51,488",15.80,364.40,531.60,101.20,84,0.36
"51,588",16.20,344.40,473.20,101.40,84,0.33
"51,688",17.40,361.20,488,101.40,75,0.45
"51,788",16.50,432.80,298.60,101.10,77,0.32
"51,888",17.50,376.30,595.10,101,67,0.58
"51,988",18.90,370.80,701.20,101,68,0.69
"52,088",19.30,425,679.70,101.20,73,0.66
"52,188",18.80,355.30,642.50,101.30,75,0.57
"52,288",19.20,345.30,525.60,101.10,77,0.46
"52,388",17.40,385.40,514.40,101.10,80,0.43
"52,488",17.10,397.20,546.90,101.30,71,0.52
"52,588",17.60,316.10,479.20,101.50,75,0.43
"52,688",18.10,400.90,681.60,101.50,70,0.68
"52,788",17.60,375.40,620.30,101.30,66,0.64
"52,888",17.80,484.20,479.80,101.20,73,0.51
"52,988",16.30,838.20,500.10,100.90,58,0.75
"53,088",16.70,399.50,665.70,101.20,63,0.68
"53,188",17.80,384,688.60,101.50,55,0.74
"60,188",18.80,373.50,666.10,101.50,59,0.71
"60,288",19.30,379.90,696.80,101.30,68,0.68
"60,388",20,315.20,700.50,101.20,67,0.69
"60,488",17.90,439.60,538.70,101.20,73,0.54
"60,588",16.20,477.40,534,101.30,61,0.61
"60,688",15.90,500.20,632.20,101.70,57,0.71
"60,788",16.20,536.20,726.40,101.80,61,0.79
"60,888",17,425,681.60,101.60,59,0.72
"60,988",17.20,366.70,743.20,101.40,68,0.69
"61,088",17.30,379,704.80,101.50,72,0.64
"61,188",16.70,426.40,607.70,101.60,68,0.59
"61,288",16.70,392.20,559.10,101.30,69,0.55
"61,388",16.80,379,599.50,101.20,76,0.52
"61,488",17.10,375.80,350,101.40,81,0.30
"61,588",17.20,378.10,320.90,101.50,82,0.27
"61,688",17.50,512,615.60,101.40,71,0.63
"61,788",17.40,379,375.90,101.10,70,0.40
"61,888",17.40,359.90,461.10,101,73,0.44
"61,988",17.40,370.80,339.40,101.20,77,0.34
"62,088",18.40,405,488.40,101.40,67,0.53
"62,188",18.40,500.60,687.10,101.30,71,0.71
"62,288",18.50,475.60,537.80,101.10,75,0.53
"62,388",18.30,331.20,567.30,101.20,74,0.52
"62,488",18.60,402.20,650,101.20,67,0.68
"62,588",19.20,402.20,682.50,101.30,67,0.72
"62,688",20.20,425.50,726.30,101.10,70,0.75
"62,788",18.30,438.70,603.80,100.90,83,0.49
"62,888",18.30,498.40,409,100.90,82,0.37
"62,988",19.10,378.10,493.80,101,80,0.44
"63,088",19,323,301.30,101,82,0.27
"70,188",19.10,334.80,356.50,101,78,0.33
"70,288",18.60,339.40,515.70,101.20,77,0.46
"70,388",18.70,352.10,638.70,101.10,73,0.60
"70,488",18.70,384.50,663.60,101.10,69,0.66
"70,588",19.90,378.60,685.40,101.20,69,0.71
"70,688",20.40,338.50,697.80,101.10,72,0.67
"70,788",20.80,361.20,690.60,101.30,74,0.68
"70,888",20.10,389,690.20,101.30,74,0.67
"70,988",19.50,359.90,617,101.10,75,0.58
"71,088",18.80,373.50,477.50,101.10,75,0.45
"71,188",19.50,381.30,639.80,101.50,70,0.65
"71,288",20.20,362.60,681.80,101.50,69,0.70
"71,388",19.60,355.30,584.10,101.40,72,0.58
"71,488",19.70,365.80,600.10,101.30,71,0.61
"71,588",20.10,330.30,435.60,101.20,73,0.44
"71,688",20.90,329.80,619.90,101.10,73,0.61
"71,788",21,333.50,574.10,101.40,80,0.52
"71,888",21,372.60,573.80,101.40,75,0.58
"71,988",21.30,369,659.60,101.30,69,0.70
"72,088",21.90,390.40,562.40,101.50,73,0.60
"72,188",23.50,395.90,335.20,101.60,76,0.40
"72,288",23.70,415,654.80,101.40,70,0.74
"72,388",23.20,433.20,666.60,101.30,75,0.72
"72,488",22.90,490.60,647.50,101.50,74,0.72
"72,588",22.30,428.70,670,101.50,78,0.69
"72,688",21.50,367.20,540.80,101.40,81,0.51
"72,788",20.90,350.30,356.80,101.60,78,0.37
"72,888",21.60,348,545,101.50,76,0.55
"72,988",21.30,348,537,101.40,78,0.52
"73,088",21.10,305.70,307.30,101.60,79,0.31
"73,188",21.50,327.10,348,101.50,74,0.39
"80,188",21.60,367.60,380.20,101.30,78,0.42
"80,288",21.50,442.30,516.70,101.30,72,0.59
"80,388",21.90,477,602.90,101.50,70,0.71
"80,488",21.50,378.10,501,101.40,75,0.53
"80,588",21.10,400.40,462.90,101.20,77,0.48
"80,688",21,405.40,631.60,101.30,69,0.69
"80,788",20.90,373.10,678.60,101.30,65,0.75
"80,888",20.80,373.50,594.70,101.30,68,0.64
"80,988",20.20,352.10,561.70,101.20,73,0.55
"81,088",20.50,395,650.60,101,68,0.70
"81,188",20.60,380.80,653.10,101.10,64,0.74
"81,288",20.70,384.50,658.90,101.30,61,0.77
"81,388",20.70,445.10,669.60,101.30,67,0.74
"81,488",20.70,402.70,666.80,101.20,73,0.67
"81,588",20.10,348.90,647.10,101,73,0.61
"81,688",20.10,333.90,608.20,101,71,0.59
"81,788",19.80,344.40,551.10,101,73,0.53
"81,888",18.70,327.10,435.20,101,80,0.37
"81,988",19.10,371.70,365.60,100.90,80,0.34
"82,088",19.20,361.70,319.70,100.70,78,0.33
"82,188",20,414.50,525.50,100.90,71,0.56
"82,288",20.60,470.60,563,101.20,71,0.62
"82,388",21.20,381.30,380.30,101.20,74,0.42
"82,488",23.10,331.60,538.60,101.30,67,0.61
"82,588",23.70,306.60,572,101.20,69,0.62
"82,688",23.70,310.70,579,100.90,69,0.62
"82,788",21.90,345.80,611.30,100.90,75,0.61
"82,888",21.80,405.40,561.80,100.90,76,0.58
"82,988",21.90,472.40,577.40,100.80,78,0.59
"83,088",21.80,380.40,614.30,100.60,78,0.60
"83,188",21,400.40,515.90,100.60,80,0.48
"90,188",21.20,395,585.50,100.80,77,0.58
"90,288",21.80,355.80,547.50,100.90,75,0.54
"90,388",25.70,356.70,566.60,100.70,58,0.78
"90,488",28.90,408.60,597.50,100.70,45,1
"90,588",28.20,358.10,597.80,100.60,44,0.96
"90,688",24.30,379.50,607.70,100.70,66,0.71
"90,788",21.10,405.90,445.40,101,79,0.43
"90,888",20.40,382.70,543.10,101.10,72,0.57
"90,988",21.30,373.50,514.20,101.10,70,0.55
"91,088",20.20,392.20,360.30,101,77,0.39
"91,188",20,355.30,532.30,101,68,0.57
"91,288",20.20,342.60,485.10,101.30,61,0.58
"91,388",20.20,451.90,562,101.30,69,0.63
"91,488",20,458.30,502.30,101.30,73,0.53
"91,588",19.70,331.60,477.30,101.20,73,0.46
"91,688",19.70,309.80,463.70,101.20,69,0.47
"91,788",18.80,317.10,302.70,101,74,0.32
"91,888",19,313,447.10,101.10,69,0.44
"91,988",18.70,298.40,239.60,101.10,78,0.25
"92,088",18.60,462.80,295.20,101,69,0.43
"92,188",19,342.10,497.70,101.50,57,0.59
"92,288",18.50,297,537.90,101.60,65,0.53
"92,388",19,277.40,504,101.40,72,0.46
"92,488",19.40,360.80,348.30,101.50,70,0.39
"92,588",19,432.80,507.20,101.70,69,0.54
"92,688",19,297.90,463.30,101.80,70,0.45
"92,788",18.70,360.80,515.60,101.60,74,0.46
"92,888",18.90,300.70,524.50,101.30,80,0.39
"92,988",18.90,284.70,477,101.20,79,0.35
"93,088",18.30,248.30,495.40,101.30,81,0.36
"100,188",18.50,310.70,437.90,101.50,76,0.37
"100,288",18.70,351.20,343.10,101.40,81,0.29
"100,388",18.80,348,406.50,101.20,84,0.31
"100,488",18.60,287.90,299.30,101.40,84,0.23
"100,588",18.40,321.60,399.90,101.50,77,0.35
"100,688",18.60,375.80,342.10,101.60,72,0.38
"100,788",19.60,377.20,484.10,101.80,69,0.51
"100,888",21.70,377.60,491.70,101.80,59,0.64
"100,988",22.40,225.90,481.50,101.10,50,0.60
"101,088",20.40,244.60,491.40,101.10,70,0.47
"101,188",18.80,299.30,370.20,101.40,85,0.27
"101,288",18.90,308.40,431.40,101.60,76,0.38
"101,388",18.10,329.40,326.60,101.80,72,0.34
"101,488",18.50,283.30,319.50,101.60,68,0.34
"101,588",18.70,324.80,462.90,101.40,74,0.41
"101,688",18.70,343.90,420.70,101.30,83,0.31
"101,788",19.60,352.10,438.30,101.30,77,0.38
"101,888",19.80,335.30,224.60,101.60,74,0.29
"101,988",19.80,402.70,264.70,101.40,81,0.29
"102,088",18.70,327.50,158.20,101.10,87,0.17
"102,188",18.70,394,247.10,101.40,85,0.22
"102,288",18,300.20,195.20,101.30,86,0.15
"102,388",17.20,285.60,264.80,101.40,84,0.19
"102,488",17.90,311.60,261.70,101.20,81,0.23
"102,588",18.50,414.50,380.10,101.30,74,0.39
"102,688",17.80,384,334.60,101.30,70,0.38
"102,788",17.70,324.30,349.70,101.10,66,0.39
"102,888",17.60,343.90,359.30,101.50,62,0.43
"102,988",17.40,359.40,281.70,101.70,64,0.35
"103,088",17.10,321.20,405,101.50,71,0.35
"103,188",17.70,274.20,343.30,101.40,79,0.26
"110,188",17.60,381.30,161,101.70,83,0.18
"110,288",17.20,343.90,283.40,101.60,72,0.29
"110,388",17.70,319.80,291.30,101.50,71,0.30
"110,488",17.80,220.90,384.90,101.30,74,0.29
"110,588",16.70,194.50,251,101.30,88,0.14
"110,688",16.40,305.20,262.10,101.30,82,0.20
"110,788",16.30,369.40,153.90,101.50,82,0.19
"110,888",17.20,291.10,296.90,101.60,68,0.28
"110,988",16.60,227.30,338.30,101.80,71,0.27
"111,088",16.10,335.30,250.60,101.70,73,0.25
"111,188",16.10,308.40,211.80,101.60,78,0.20
"111,288",16.20,227.30,350.30,101.60,75,0.26
"111,388",16.60,291.50,301.10,101.60,76,0.27
"111,488",15.10,551.20,218.40,101.60,75,0.30
"111,588",13.70,277,327.70,102.10,65,0.29
"111,688",14.20,266.90,350.50,101.90,57,0.31
"111,788",14.10,330.30,261.10,101.50,64,0.30
"111,888",14,430.50,336.70,101.70,44,0.50
"111,988",12.80,182.70,240.80,102.20,36,0.32
"112,088",12.30,280.60,350.90,101.90,42,0.37
"112,188",14,292,351.60,101.90,35,0.48
"112,288",14.60,224.10,317.60,101.80,38,0.39
"112,388",14.40,274.70,257.60,101.70,79,0.17
"112,488",13.50,283.80,168.20,101.40,73,0.19
"112,588",13.20,469.70,112.20,101.20,94,0.11
"112,688",14.50,295.60,240.60,101.40,79,0.18
"112,788",14,208.60,329.30,102.10,64,0.26
"112,888",14,216.40,297.60,101.70,51,0.29
"112,988",15.80,195.40,332.30,102.10,41,0.39
"113,088",16.20,184,332.20,102,29,0.46
"120,188",16.80,223.20,300.30,101.90,27,0.50
"120,288",15.10,217.70,295.50,101.90,28,0.41
"120,388",14.40,213.60,201.40,102.10,36,0.35
"120,488",15,220,286.10,102.20,31,0.41
"120,588",14.60,262.80,299.50,102,44,0.40
"120,688",16,220.90,267.60,101.80,35,0.42
"120,788",16.60,359.90,286.90,100.90,60,0.50
"120,888",20.10,620,308.90,101.30,19,1.09
"120,988",19.10,373.50,296.90,101.30,26,0.70
"121,088",14.30,166.70,309.80,101.70,54,0.30
"121,188",14.90,241.90,308.20,102.10,33,0.43
"121,288",13.90,152.20,300.80,102,49,0.27
"121,388",13.40,230,303.10,101.60,62,0.24
"121,488",13.20,364,185.70,101.60,76,0.20
"121,588",14.40,650.50,100.40,101.40,84,0.19
"121,688",13.30,372.60,93.90,102,95,0.07
"121,788",12.90,225.50,275.30,102.20,72,0.19
"121,888",11.90,318.90,169.90,101.90,76,0.19
"121,988",12.90,281.10,216.40,101.80,72,0.21
"122,088",13.30,284.70,245.20,102,68,0.22
"122,188",13,432.80,272.10,101.90,68,0.30
"122,288",11.50,291.50,273,102.40,66,0.24
"122,388",12.20,238.70,249.70,102.20,71,0.19
"122,488",11.80,447.80,175.40,101.80,74,0.19
"122,588",11.20,616.80,212.70,101.40,58,0.37
"122,688",9.30,277,275.80,102,60,0.26
"122,788",9.10,221.40,295.80,102.50,47,0.27
"122,888",9.40,236.90,247.80,102,66,0.20
"122,988",9.10,217.30,308.30,102.30,47,0.28
"123,088",9.50,96.10,306.50,102.30,42,0.24
"123,188",10.70,228.90,184.80,101.60,60,0.22
"10,189",11.80,195.40,241.50,101.10,46,0.28
"10,289",13,260.10,299.10,101.60,40,0.40
"10,389",14,195,165.60,101.60,41,0.29
"10,489",13.30,354.90,179,101.70,85,0.14
"10,589",12.80,409.10,188.30,102.20,81,0.14
"10,689",10.90,603.10,284.30,102,53,0.44
"10,789",8.50,205.40,203.30,102.40,58,0.18
"10,889",8.60,263.80,300.60,102.80,58,0.25
"10,989",9.80,278.80,313.80,102.40,43,0.33
"11,089",11.80,236.90,315.50,101.80,57,0.26
"11,189",13.70,385.80,308.90,102,49,0.45
"11,289",12.50,495.60,327.90,102.50,20,0.68
"11,389",9.90,260.60,318.60,102.60,38,0.34
"11,489",9.40,237.80,324.40,102.30,61,0.25
"11,589",10.50,285.20,321.90,102.40,59,0.29
"11,689",12.10,256.50,320.20,102.10,29,0.42
"11,789",13.70,255.60,331.90,101.80,28,0.46
"11,889",14.80,250.50,335.90,101.80,31,0.46
"11,989",16.60,262.80,315.90,101.60,27,0.53
"12,089",16.50,216.80,189.10,101.60,31,0.41
"12,189",17.50,275.60,146.10,101.30,32,0.43
"12,289",13.80,285.20,313,101.30,61,0.30
"12,389",12.60,397.70,195.40,101.40,69,0.22
"12,489",12.60,301.60,175.20,101.30,78,0.16
"12,589",12.10,313.90,326.30,101.60,74,0.23
"12,689",12.40,258.70,344.60,101.70,40,0.39
"12,789",12.30,348,321.80,102.10,66,0.33
"12,889",11.40,277,273.90,102,68,0.22
"12,989",11.20,274.70,357.60,101.80,75,0.22
"13,089",14.20,278.30,354.50,101.70,40,0.40
"13,189",14,227.80,345.60,101.60,34,0.41
"20,189",12.20,276.50,335.20,101.60,69,0.30
"20,289",12.30,389.90,152.20,102,81,0.20
"20,389",12.80,399.50,300.70,102.20,67,0.29
"20,489",12.50,622.30,161,101.70,90,0.19
"20,589",9.80,603.60,244.50,101.80,50,0.45
"20,689",8.70,413.20,321.20,102,19,0.53
"20,789",10.30,311.10,176.30,102,33,0.40
"20,889",13.60,384,191.90,101.80,33,0.51
"20,989",13.20,306.10,151,102.30,88,0.17
"21,089",13.40,391.30,314.90,102.60,84,0.20
"21,189",11.40,267.40,339.30,102.30,73,0.24
"21,289",11.20,345.30,297.10,101.80,64,0.29
"21,389",10.10,371.70,271.20,101.60,68,0.24
"21,489",10.30,338,426.50,101.90,63,0.33
"21,589",11.30,357.10,416.50,102.50,66,0.32
"21,689",11.20,327.50,414.20,102.40,70,0.29
"21,789",12.30,318,413.40,102.10,65,0.31
"21,889",11.70,348.50,304,101.70,80,0.20
"21,989",13.30,334.40,259.20,101.60,77,0.22
"22,089",13.80,397.20,385.10,101.80,75,0.30
"22,189",16.90,367.60,416.90,102.10,39,0.56
"22,289",18.60,308.90,355.50,102,26,0.63
"22,389",18.40,240.50,383.10,101.60,36,0.55
"22,489",18.40,282.90,360.30,101.70,48,0.49
"22,589",18.60,303.40,368.60,101.90,37,0.53
"22,689",17.20,323.90,457.20,101.80,52,0.52
"22,789",14.70,310.20,392,101.10,74,0.30
"22,889",14.40,415,375,101.20,72,0.35
"30,189",13.60,338.50,379.70,101.50,66,0.34
"30,289",13.20,653.70,172.30,101.10,84,0.22
"30,389",11.90,594.90,348.10,101,58,0.45
"30,489",11.90,347.10,439.10,101.90,46,0.45
"30,589",13.60,364.40,461,102.10,56,0.46
"30,689",15.80,350.80,499.80,101.40,49,0.53
"30,789",17.90,328.90,476.50,101.10,52,0.53
"30,889",13.90,402.20,434.30,101.40,82,0.28
"30,989",14.90,348.50,467.90,101.90,71,0.38
"31,089",14.60,451.90,424.20,101.90,75,0.35
"31,189",15.30,483.80,410,102,78,0.34
"31,289",15.30,324.80,425.10,101.90,83,0.28
"31,389",14.40,335.30,466,101.80,79,0.34
"31,489",14.80,368.50,489,101.40,69,0.42
"31,589",14.10,377.60,479.20,101.40,77,0.35
"31,689",14.20,399.50,349.70,101.70,70,0.34
"31,789",14.80,475.60,547.40,101.80,67,0.52
"31,889",15.20,345.30,495.10,101.80,63,0.44
"31,989",15.70,298.40,512,101.70,67,0.42
"32,089",17.40,369,527.20,101.50,71,0.49
"32,189",19,351.20,538.30,101.70,26,0.78
"32,289",16,293.40,560.40,101.30,53,0.55
"32,389",14.60,441,391.60,101.50,71,0.38
"32,489",14.90,365.30,405.10,101.80,67,0.39
"32,589",14.30,565.30,174.50,101.40,95,0.17
"32,689",13.40,610.90,441.80,101.20,60,0.55
"32,789",14.10,376.70,552.20,101.70,63,0.51
"32,889",15.70,316.60,578.60,102,63,0.52
"32,989",15.90,373.50,551.10,101.90,78,0.44
"33,089",16.90,374,561.50,101.70,73,0.49
"33,189",18.80,326.20,577.70,101.40,58,0.60
"40,189",17.30,358.50,574.30,101.50,68,0.54
"40,289",16.80,343.90,571.60,101.60,66,0.52
"40,389",17.60,401.80,555,101.50,68,0.54
"40,489",23.60,320.20,611.70,101.40,42,0.89
"40,589",27.10,395.90,619.90,101.40,20,1.28
"40,689",27.30,303.80,632.90,101.40,19,1.19
"40,789",24.70,251.50,612,101.30,27,0.95
"40,889",20.30,307.90,586.70,101,55,0.68
"40,989",17.20,394.50,520.80,101.20,74,0.47
"41,089",17.60,370.80,543.40,101.30,69,0.53
"41,189",16.50,389.50,286.80,101.10,81,0.28
"41,289",16.40,423.70,285.40,101.10,75,0.32
"41,389",17.30,345.80,405.70,101.40,66,0.44
"41,489",17.70,415.50,440.70,101.60,73,0.45
"41,589",17.20,460.10,451.80,101.40,73,0.45
"41,689",17.50,415,408.30,101.40,68,0.46
"41,789",17.50,458.70,485.80,101.60,66,0.55
"41,889",17.50,411.80,503.40,101.50,72,0.49
"41,989",17.20,358.50,513.20,101.30,74,0.45
"42,089",17.70,361.20,511.10,101.30,72,0.47
"42,189",17.80,454.60,431.60,101.30,73,0.44
"42,289",17,462.40,555.70,101.30,63,0.62
"42,389",16.50,512.50,603.30,101.40,62,0.69
"42,489",15.40,509.30,458.50,101.50,54,0.62
"42,589",14.90,461,611.20,101.60,51,0.71
"42,689",15.20,487,617.20,101.90,61,0.65
"42,789",15.60,415,684.50,101.60,62,0.66
"42,889",16.70,341.20,607.40,101.40,61,0.58
"42,989",17.30,353.50,617.10,101.40,67,0.57
"43,089",17.50,451,638.10,101.60,64,0.67
"50,189",16.90,430.90,608.90,101.60,74,0.54
"50,289",17.30,323.90,671.60,101.50,70,0.59
"50,389",17.30,369,612.90,101.40,74,0.52
"50,489",17.50,350.30,459.50,101.20,77,0.39
"50,589",17.50,353,529,101.30,77,0.45
"50,689",17.60,337.60,584,101.60,73,0.52
"50,789",17.90,431.90,614.50,101.60,75,0.57
"50,889",17.70,438.70,559.80,101.20,74,0.53
"50,989",17.90,668.30,488.90,101.30,76,0.56
"51,089",16.40,656.40,483.50,101.60,60,0.67
"51,189",15.70,629.60,374.10,101.60,61,0.57
"51,289",16.40,462.80,545.60,101.50,62,0.61
"51,389",16.10,477.40,368.90,101.30,67,0.47
"51,489",16,424.10,350.30,101.20,67,0.41
"51,589",16,387.20,299.10,101,67,0.38
"51,689",17.10,366.70,531.20,101.20,68,0.53
"51,789",16.50,384.50,324.80,101.60,76,0.34
"51,889",17.50,393.60,556.60,101.60,68,0.57
"51,989",18.40,400.40,676.70,101.50,65,0.71
"52,089",17.90,445.50,660.40,101.60,74,0.62
"52,189",18.20,405.40,639.40,101.40,72,0.61
"52,289",17.80,391.30,620.70,101.50,69,0.58
"52,389",18.30,500.60,629.80,101.60,65,0.69
"52,489",17.70,393.60,712,101.50,64,0.74
"52,589",17.20,436.90,646.50,101.30,69,0.64
"52,689",17.40,383.60,718.40,101.20,69,0.68
"52,789",16.70,434.10,542.20,101.40,71,0.53
"52,889",16.90,406.30,560.20,101.40,68,0.57
"52,989",17.30,446.90,615.30,101.50,69,0.63
"53,089",17.20,404.50,653.70,101.50,64,0.67
"53,189",16.90,380.80,557,101.40,75,0.49
"60,189",16.30,390.40,369.30,101.60,75,0.35
"60,289",16.50,362.20,346,101.60,75,0.34
"60,389",16.50,422.70,332.80,101.30,73,0.37
"60,489",17.30,445.50,491.90,101.30,64,0.56
"60,589",17.80,401.80,680.90,101.60,60,0.75
"60,689",18,484.70,478.40,101.50,70,0.53
"60,789",17.10,404.50,ddd,101.30,78,0.30
"60,889",16.40,313,309.60,101.20,84,0.24
"60,989",16.60,398.60,294.90,101.10,82,0.27
"61,089",16.70,395.90,311.80,101.40,78,0.30
"61,189",17.50,432.80,353.30,101.50,79,0.35
"61,289",17.60,389,522,101.40,76,0.47
"61,389",17.30,383.10,509.10,101.20,79,0.42
"61,489",17.90,370.80,593.80,101,79,0.49
"61,589",17.70,365.80,338.50,101.30,81,0.29
"61,689",18.30,361.20,592.90,101.30,75,0.53
"61,789",19,343.90,668.40,101.20,73,0.62
"61,889",19.20,358.10,618.90,101.10,76,0.56
"61,989",21.40,433.20,551.10,101,70,0.63
"62,089",21.20,370.40,680.70,100.90,69,0.72
"62,189",19.10,430.50,687.20,100.80,78,0.63
"62,289",18.40,389,669.60,100.80,74,0.62
"62,389",17.90,466.90,566.80,101,68,0.62
"62,489",19.30,409.10,460.10,101.40,63,0.56
"62,589",19.90,494.30,636.50,101.40,63,0.75
"62,689",19.50,502,710.50,101.20,71,0.75
"62,789",19.60,523.90,652.50,101.20,75,0.67
"62,889",19.60,550.30,684.90,101.50,71,0.76
"62,989",19.10,531.20,698.20,101.70,68,0.77
"63,089",19.60,405,722.10,101.40,71,0.73
"70,189",19.40,355.30,658.40,101.30,71,0.63
"70,289",19.30,320.20,660.90,101.30,70,0.62
"70,389",20,358.10,699.50,101.20,74,0.67
"70,489",21.90,435.50,728.70,101,66,0.82
"70,589",19.60,419.10,535.80,101.20,80,0.48
"70,689",19.30,480.10,602.40,101.30,80,0.54
"70,789",20,400.90,583.20,101.50,77,0.56
"70,889",20.40,366.70,632,101.40,73,0.64
"70,989",20.30,378.10,612,101.20,72,0.62
"71,089",20.20,433.70,493.10,101.30,72,0.54
"71,189",20.10,406.80,483.60,101.60,72,0.52
"71,289",20.80,516.60,628.50,101.60,74,0.68
"71,389",19.90,471.90,648.80,101.40,76,0.63
"71,489",20.50,373.50,712.90,101.10,71,0.71
"71,589",19.50,429.10,546.40,101.50,75,0.53
"71,689",19.70,375.80,624.80,101.60,71,0.62
"71,789",19.70,381.70,672,101.50,72,0.67
"71,889",20.30,388.10,686.30,101.40,71,0.71
"71,989",21,345.30,622,101.10,73,0.61
"72,089",21.20,359.90,533,101,80,0.49
"72,189",21.40,363.50,486.80,101.10,79,0.46
"72,289",21.60,398.10,650.40,101.40,73,0.69
"72,389",21.70,497.90,699.60,101.60,75,0.76
"72,489",20.60,482.40,513.30,101.40,75,0.55
"72,589",20.60,363.50,601.70,101.20,73,0.60
"72,689",20.50,341.20,626.90,101.20,74,0.61
"72,789",21.30,380.40,623,101.30,73,0.64
"72,889",21.90,358.10,684.70,101.20,73,0.70
"72,989",21.70,374.50,641.80,101.20,71,0.67
"73,089",21.10,362.20,639.10,101.20,71,0.66
"73,189",21.30,378.10,658.80,101.10,70,0.69
"80,189",21,368.50,664.70,101.10,70,0.69
"80,289",21.10,377.20,654.80,101.10,71,0.68
"80,389",21.50,369,652.60,101.20,70,0.70
"80,489",22.10,388.10,671.50,101.30,67,0.75
"80,589",22.70,395.90,616.50,101.40,68,0.70
"80,689",22.90,410,641.10,101.40,69,0.74
"80,789",22.10,465.10,578.20,101.20,74,0.65
"80,889",20.70,422.30,303.30,101.10,80,0.34
"80,989",21.40,356.70,477,101.10,77,0.48
"81,089",22.10,385.40,512.40,101.40,76,0.54
"81,189",22.20,435,655.50,101.40,76,0.69
"81,289",22.50,433.20,655.10,101.30,75,0.70
"81,389",23,382.70,665,101.20,70,0.72
"81,489",21.80,381.30,661,101.10,72,0.69
"81,589",21.10,352.10,652.60,101,70,0.69
"81,689",20.30,405.90,629.80,101,68,0.68
"81,789",20.60,383.60,613.90,101,65,0.69
"81,889",20.90,374,626.20,101.40,65,0.72
"81,989",20.80,390.90,562.80,101.40,66,0.65
"82,089",20.30,408.20,485.50,101.20,63,0.61
"82,189",20.40,376.30,553.60,101.20,59,0.68
"82,289",20.40,436.40,604.10,101.40,68,0.68
"82,389",20.60,418.60,598,101.40,68,0.68
"82,489",20.30,378.60,582.50,101.10,67,0.64
"82,589",20.10,417.70,541.30,101.10,65,0.64
"82,689",20,390.40,492.80,101.10,68,0.56
"82,789",20.40,454.20,600.40,101.30,67,0.68
"82,889",19.70,456.50,538,101.30,74,0.55
"82,989",19.40,409.10,487.90,101.10,76,0.47
"83,089",19.90,323.90,585.30,100.90,70,0.57
"83,189",19.90,361.70,616.70,101,68,0.62
"90,189",19.50,449.20,572,101.10,74,0.55
"90,289",19.70,420.50,589.40,101.20,74,0.56
"90,389",20,374.50,534,101.20,76,0.49
"90,489",21.40,456.50,576.80,101.10,69,0.64
"90,589",22,430,608.50,101,66,0.70
"90,689",20.70,409.50,604.60,101,77,0.57
"90,789",20.20,378.60,577.60,101,71,0.57
"90,889",19.90,398.60,584.30,101.10,70,0.60
"90,989",18.90,428.70,546.50,101.20,72,0.53
"91,089",19.10,385.80,563.50,101.10,69,0.57
"91,189",19.40,364,424.80,100.90,70,0.46
"91,289",19.80,348.90,512.20,101,66,0.55
"91,389",20.50,372.60,544.50,101.20,73,0.54
"91,489",23.70,409.50,535.80,101.10,51,0.77
"91,589",23.10,292.90,254.90,101.10,66,0.38
"91,689",22.50,354,245.80,100.90,73,0.34
"91,789",19.80,422.70,313.70,101.10,77,0.35
"91,889",19.50,406.80,479.80,101.10,65,0.54
"91,989",17.70,381.30,348.20,101.10,72,0.39
"92,089",19.10,430,536.80,101.10,60,0.63
"92,189",22.10,343.50,562,100.80,54,0.68
"92,289",20,306.10,460.50,100.70,78,0.41
"92,389",19.40,367.60,445.80,101.10,79,0.38
"92,489",20.10,398.10,468,101,78,0.43
"92,589",24,385.80,368.70,101,57,0.58
"92,689",22.20,329.80,456.60,101.20,74,0.46
"92,789",21.40,361.70,454.60,101.10,76,0.44
"92,889",22.10,400,530,101.20,64,0.61
"92,989",-21.50,414.50,528.50,101.40,69,0.60
"93,089",20,329.40,498.90,101.40,73,0.48
"100,189",19.10,382.20,454.20,101.20,68,0.50
"100,289",19.70,481.50,427,101.30,61,0.59
"100,389",18.90,399.10,467,101.30,56,0.60
"100,489",18.50,405.40,491.20,101,67,0.52
"100,589",19.60,353,440.20,101.30,74,0.45
"100,689",20.70,426.40,395,101.60,70,0.49
"100,789",19.60,416.80,457.40,101.50,78,0.42
"100,889",19,315.70,434,101.50,74,0.37
"100,989",19.10,395.40,452.50,101.60,72,0.44
"101,089",19.20,416.40,385.10,101.50,74,0.39
"101,189",18.70,396.30,417.80,101.50,77,0.39
"101,289",18.60,425.90,276.80,101.50,77,0.31
"101,389",18.60,338.90,277,101.50,79,0.27
"101,489",18.30,378.10,236.30,101.50,68,0.36
"101,589",18.60,336.20,342.10,101.20,67,0.39
"101,689",18.60,383.10,373,101.10,70,0.40
"101,789",17.60,343.90,397.20,101.30,83,0.30
"101,889",19.40,369,437.20,101.40,63,0.43
"101,989",16.70,405.40,184.40,101.50,89,0.14
"102,089",19.80,418.60,354.30,101.70,60,0.51
"102,189",18.40,305.70,209.30,101.70,77,0.23
"102,289",20.20,327.10,263.30,101.90,75,0.28
"102,389",19.50,361.20,348.20,102,73,0.34
"102,489",19.10,489.30,362.90,101.70,70,0.43
"102,589",17.30,537.10,356.50,101.60,65,0.45
"102,689",16.60,364.40,427.30,101.80,56,0.48
"102,789",16.70,269.70,400.60,101.70,54,0.40
"102,889",16.20,272,377.50,101.50,56,0.37
"102,989",17.70,304.30,398.70,101.70,34,0.59
"103,089",18.20,331.20,284.90,101.60,21,0.68
"103,189",18.50,351.70,358.90,101.40,41,0.60
"110,189",17.10,342.60,355,101.70,37,0.58
"110,289",18.20,317.10,411.20,101.60,19,0.73
"110,389",17.10,301.10,407.60,101.30,25,0.65
"110,489",16.60,329.40,395.40,101.30,55,0.46
"110,589",16.70,333.90,342.20,101.50,71,0.33
"110,689",17.50,371.70,310.10,101.60,61,0.40
"110,789",17.20,347.10,335.90,101.40,65,0.38
"110,889",16.40,306.10,341.80,101.40,69,0.29
"110,989",17.50,304.80,374.50,101.50,36,0.52
"111,089",18.80,307,375.80,101.10,26,0.59
"111,189",17.50,277.40,350.40,101.20,73,0.29
"111,289",17.20,330.30,352.30,101.30,73,0.32
"111,389",16.60,300.70,335.10,101.60,68,0.34
"111,489",16.70,349.90,313.20,101.50,65,0.35
"111,589",17.40,293.40,323.80,101.60,59,0.38
"111,689",18.70,272.40,334.10,101.20,22,0.64
"111,789",15.90,318.90,324.20,100.90,74,0.30
"111,889",19.30,314.80,350.60,101.30,42,0.56
"111,989",21,362.20,341.20,101.30,23,0.76
"112,089",21.30,311.60,211.50,101.50,35,0.56
"112,189",17.70,280.20,324.20,101.70,63,0.34
"112,289",15.90,350.80,287.90,101.60,77,0.24
"112,389",16.30,313.40,264.20,101.50,74,0.26
"112,489",16,366.30,150.90,101.30,69,0.28
"112,589",16.90,424.60,169.20,101.40,75,0.32
"112,689",15.80,348,134.70,101.70,83,0.21
"112,789",16.90,359.40,292.70,101.70,31,0.56
"112,889",14.70,282.40,320.40,101.90,20,0.56
"112,989",14.10,328.40,318.50,101.90,27,0.55
"113,089",14.30,277.40,320.20,102.10,25,0.52
"120,189",14.10,266,328.10,102.10,30,0.48
"120,289",20.40,445.50,324,102.10,10,0.94
"120,389",16.40,270.60,307.30,102.10,23,0.58
"120,489",15.30,287,319.90,101.80,23,0.56
"120,589",14.50,300.70,316.20,101.40,44,0.38
"120,689",14.70,324.80,318,101.30,36,0.44
"120,789",17.20,227.30,316.90,101.70,24,0.53
"120,889",17,230.50,275.70,101.80,19,0.52
"120,989",15,286.50,304.70,101.60,42,0.40
"121,089",13.10,237.30,221.20,101.60,71,0.20
"121,189",14.10,315.20,298.80,102,37,0.48
"121,289",12.10,257.40,299.40,102,23,0.46
"121,389",12.70,265.60,172.10,101.60,31,0.38
"121,489",14.10,216.80,276.60,101.80,36,0.37
"121,589",14.10,264.70,172.90,101.60,52,0.31
"121,689",13.50,257.40,168.30,101.20,71,0.21
"121,789",12.60,282.40,302.90,101.10,53,0.31
"121,889",13,224.10,139.80,101.30,60,0.23
"121,989",15.10,302.90,296.60,101.80,49,0.39
"122,089",13.40,326.20,301,102.10,59,0.32
"122,189",12.70,267.90,273.90,102.10,67,0.23
"122,289",-13.60,297.90,281,102.30,57,0.32
"122,389",16.50,261,253.10,102.10,27,0.50
"122,489",15.90,227.80,211,101.90,34,0.38
"122,589",15.30,224.10,198.50,101.90,46,0.29
"122,689",16.10,136.70,133.30,101.80,58,0.19
"122,789",16.20,253.30,204.80,101.80,77,0.24
"122,889",14,331.20,161.20,101.40,67,0.23
"122,989",13.30,232.30,223.70,101.10,65,0.25
"123,089",13,163.10,305.10,101.60,53,0.28
"123,189",13.50,171.10,302.30,102.10,43,0.33
"10,190",13,272.40,269.70,101.80,59,0.31
"10,290",12.60,392.20,216.70,101.30,69,0.25
"10,390",11.80,216.40,261,102.20,65,0.22
"10,490",11.90,276.10,315.30,102.30,39,0.38
"10,590",12.30,260.10,302.20,102.20,40,0.37
"10,690",13,124.80,310.30,102.40,35,0.32
"10,790",12,182.70,279.60,102.50,52,0.26
"10,890",13.20,212.30,289.30,101.90,62,0.22
"10,990",14.70,216.40,291,101.80,56,0.26
"11,090",14.50,233.70,269.80,101.80,79,0.18
"11,190",15,279.70,274,101.70,68,0.24
"11,290",15.20,320.20,273.70,101.70,72,0.27
"11,390",15.60,493.40,147.70,101.80,85,0.17
"11,490",14.50,359.90,224.90,101.70,79,0.20
"11,590",12.70,304.80,125.70,101.70,78,0.16
"11,690",12.80,364,167.40,101.60,74,0.22
"11,790",10.80,416.40,204.20,101.20,61,0.30
"11,890",10.20,302.90,272.20,101.50,59,0.28
"11,990",11.40,238.20,298.50,101.70,61,0.26
"12,090",12.70,220.90,305,101.80,46,0.32
"12,190",13,225,220.40,101.70,43,0.32
"12,290",13.60,244.60,307.70,101.50,36,0.41
"12,390",14.80,261.50,350.80,101.60,35,0.48
"12,490",16.50,169.50,340.60,101.60,27,0.49
"12,590",17.50,250.50,357.60,101.80,17,0.65
"12,690",14.20,215.90,304.60,101.40,36,0.38
"12,790",14.40,225,312,101.50,42,0.36
"12,890",14.90,280.60,360.10,101.90,24,0.58
"12,990",13.40,244.60,356.60,101.40,41,0.40
"13,090",13.30,369.90,225.90,100.90,67,0.25
"13,190",13.20,389,321.30,100.80,62,0.35
"20,190",13.80,659.20,302.10,101.40,62,0.51
"20,290",12.50,306.10,382.10,102.10,40,0.48
"20,390",12.30,262.80,311.10,102.30,35,0.40
"20,490",11,360.80,177.10,101.60,62,0.29
"20,590",11.30,293.40,394.90,102,52,0.37
"20,690",11.80,194.50,388.90,101.70,52,0.34
"20,790",12.30,272,251.30,101.60,62,0.29
"20,890",13,343,267.80,101.70,53,0.37
"20,990",12.20,272.90,402,102.30,53,0.39
"21,090",13.30,293.80,396.30,102.10,48,0.44
"21,190",14.70,275.10,375.60,101.60,55,0.37
"21,290",14.70,340.70,316.10,101.40,71,0.29
"21,390",13.40,554.40,208,101.30,63,0.41
"21,490",9.60,757.10,329.80,101.20,33,0.75
"21,590",8.50,332.50,427.10,102,29,0.48
"21,690",9.70,358.50,422.90,102.10,42,0.46
"21,790",12.20,681,187.40,101.80,65,0.40
"21,890",11.80,505.70,171.70,101.80,67,0.31
"21,990",9.90,327.10,434.60,102.20,52,0.39
"22,090",11.20,307.50,406.70,102.30,52,0.38
"22,190",12.80,236,355.30,102,62,0.31
"22,290",15.60,240.50,355.50,101.90,41,0.42
"22,390",17.80,224.60,413.70,102,33,0.54
"22,490",17.10,184.50,362.50,101.90,37,0.42
"22,590",16.60,206.80,298.80,101.80,50,0.36
"22,690",13.90,236.90,396.80,101.80,74,0.26
"22,790",14,303.40,464.80,101.90,71,0.36
"22,890",13.60,388.60,388.10,102,74,0.36
"30,190",14.10,329.80,252.60,101.90,66,0.30
"30,290",14.70,319.80,305.20,101.90,62,0.35
"30,390",15.30,368.50,378,101.80,70,0.41
"30,490",14.40,460.60,202.50,101.60,62,0.39
"30,590",13.10,635.90,383.20,101.70,50,0.60
"30,690",12.80,346.20,502.60,101.80,53,0.50
"30,790",14,230.50,448.80,101.60,61,0.36
"30,890",13.90,345.80,326.60,101.30,63,0.36
"30,990",13.60,342.60,221.20,101.30,57,0.33
"31,090",14,433.70,293.90,101.40,61,0.39
"31,190",12.60,676.90,315,101.50,57,0.49
"31,290",12.30,631.40,449.80,101.80,51,0.61
"31,390",11.70,352.10,435.30,102.10,48,0.46
"31,490",12.60,311.60,504.20,102,48,0.50
"31,590",15.10,298.80,543.30,101.50,41,0.61
"31,690",17.60,298.40,401.30,101.80,27,0.63
"31,790",16.40,312,542.70,101.60,43,0.62
"31,890",14.90,340.70,538.40,101.50,64,0.44
"31,990",14.60,349.40,440.60,101.70,76,0.31
"32,090",17,306.10,311.70,101.60,65,0.31
"32,190",18.20,262.80,542.70,101.50,50,0.53
"32,290",14.60,335.70,477.50,101.50,78,0.33
"32,390",14.60,336.60,494.80,101.50,74,0.38
"32,490",14.10,301.10,256.80,101.40,78,0.22
"32,590",15.40,335.30,415.30,101.70,65,0.41
"32,690",14.90,370.40,294.80,101.50,76,0.28
"32,790",14.60,420.90,284.50,101.60,63,0.38
"32,890",13,426.40,202.60,101.40,80,0.24
"32,990",14,312,342.40,101.40,70,0.30
"33,090",14.10,337.60,298.70,101.30,68,0.31
"33,190",14.60,327.50,378.90,101.40,70,0.34
"40,190",14.90,326.60,249.70,101.50,69,0.28
"40,290",16.10,376.70,549.90,101.70,69,0.50
"40,390",18.10,278.30,430.10,101.40,53,0.45
"40,490",17.10,395.90,504.90,101.30,83,0.41
"40,590",17.20,399.10,418.10,101.50,77,0.36
"40,690",15.90,446,283.70,101.60,79,0.28
"40,790",16,398.10,337.90,101.60,74,0.34
"40,890",16.40,427.80,524,101.80,67,0.51
"40,990",16.40,359.90,615.80,101.90,68,0.55
"41,090",17.80,286.10,546.90,101.90,69,0.48
"41,190",18.50,294.30,629.80,101.40,65,0.58
"41,290",18.10,356.70,589.90,101.10,70,0.53
"41,390",16.30,375.40,480.20,101.50,76,0.40
"41,490",16.60,369.40,585.20,101.70,68,0.55
"41,590",17,366.30,514.40,101.40,61,0.56
"41,690",17.10,648.20,425.80,101.10,63,0.58
"41,790",16.40,529.30,432.50,101.10,79,0.42
"41,890",17,363.50,548.20,101.40,73,0.50
"41,990",16.80,430.50,316.80,101.60,74,0.36
"42,090",16.80,387.20,342.90,101.60,74,0.35
"42,190",16.70,365.30,369,101.50,72,0.38
"42,290",16.60,368.10,451.40,101.40,59,0.52
"42,390",16.40,516.10,359.30,101.20,74,0.37
"42,490",16.30,502.50,478,101.10,69,0.53
"42,590",17.10,361.20,685,101.30,64,0.66
"42,690",17.50,349.40,586.50,101.20,76,0.49
"42,790",17.70,326.20,630.50,101.30,74,0.55
"42,890",17.50,404.50,604.40,101.20,69,0.60
"42,990",16.90,599.90,290.50,101,73,0.42
"43,090",14.80,492.40,347.90,101.10,55,0.50
"50,190",16,389.50,646.50,101.10,62,0.64
"50,290",16.10,417.30,582.40,101.30,65,0.57
"50,390",17,372.20,688.60,101.40,66,0.67
"50,490",18.60,422.30,665.70,101.40,75,0.63
"50,590",21.50,392.70,673.90,101.10,59,0.83
"50,690",22.70,298.80,674.50,100.90,49,0.83
"50,790",17.40,415.90,480.20,101,77,0.42
"50,890",16.10,393.10,672.70,101.30,66,0.65
"50,990",16.80,369.40,604.30,101.50,63,0.62
"51,090",16.70,538,375.10,101.40,54,0.60
"51,190",16.70,443.70,437.50,101.30,64,0.52
"51,290",16.90,339.40,511.20,101.40,65,0.51
"51,390",17.30,436.40,550,101.30,64,0.61
"51,490",17.10,405.90,392.70,101.30,63,0.48
"51,590",16.70,414.50,595.70,101.50,64,0.62
"51,690",17.20,357.10,534.50,101.50,69,0.50
"51,790",17.60,357.60,604.60,101.50,64,0.63
"51,890",16.80,373.50,619.50,101.50,64,0.64
"51,990",15.80,482.40,360.60,101.50,60,0.49
"52,090",17.40,406.80,678.80,101.70,60,0.73
"52,190",18.40,395.40,592.70,101.60,69,0.60
"52,290",19.90,454.20,642.40,101.40,68,0.72
"52,390",18.40,482.90,433,101.10,75,0.46
"52,490",17.90,416.40,623.30,101.20,66,0.62
"52,590",17.10,377.60,660.10,101.30,70,0.63
"52,690",17.30,374.50,654.60,101.50,63,0.67
"52,790",17.40,385.80,473.20,101.20,65,0.51
"52,890",16.20,631.40,311,100.90,83,0.33
"52,990",16.80,404.10,605.20,101.50,67,0.61
"53,090",17.30,418.20,538.70,101.50,72,0.53
"53,190",17.30,465.10,591.60,101.50,65,0.64
"60,190",17.60,436.90,725.40,101.40,62,0.79
"60,290",19.90,363.50,690.50,101.40,59,0.77
"60,390",21.30,346.70,693.60,101.30,58,0.78
"60,490",21.20,315.70,720,101,64,0.76
"60,590",18.40,511.60,639.30,101,77,0.61
"60,690",19.10,386.80,687.80,101.20,72,0.67
"60,790",19.40,364,520,101.10,76,0.47
"60,890",20.10,331.60,504.60,101,79,0.47
"60,990",20.90,342.60,401.10,101,82,0.38
"61,090",20.20,353,388.30,101.40,86,0.32
"61,190",19.80,398.10,452.90,101.40,83,0.41
"61,290",18.10,417.70,634.70,101.40,72,0.63
"61,390",17.70,613.60,400,101.20,69,0.54
"61,490",17.50,471.50,634,101.50,58,0.75
"61,590",17.60,425.50,635.30,101.50,56,0.74
"61,690",18.40,376.30,652.50,101.30,66,0.68
"61,790",18,333.50,324.80,101.40,74,0.34
"61,890",18.60,436.90,639.30,101.50,72,0.63
"61,990",19.10,384,661.60,101.20,73,0.63
"62,090",18.80,307.90,618.20,101,76,0.54
"62,190",19.10,362.20,673.30,101.10,75,0.64
"62,290",19.50,465.60,599.70,101.20,,0.60
"62,390",20.10,444.60,666.60,101.10,73,0.68
"62,490",21.50,445.10,727.80,101.20,68,0.83
"62,590",22.50,441.90,705.50,101.10,64,0.85
"62,690",25.70,451,686.60,100.90,47,1.11
"62,790",26,351.20,735.60,100.80,41,1.14
"62,890",21.10,342.60,728.10,100.70,71,0.75
"62,990",19,531.60,508.40,101.10,78,0.50
"63,090",21.30,343,627.80,101.30,70,0.65
"70,190",21.50,406.80,704,101.20,75,0.72
"70,290",21.60,386.30,692.60,101.10,71,0.73
"70,390",21,400,719.40,101.10,70,0.75
"70,490",21.40,472.40,718.10,101.30,70,0.81
"70,590",21.80,380.80,696.20,101.20,66,0.77
"70,690",20.90,364.90,691.30,101,73,0.70
"70,790",18.50,549.40,374.60,101,76,0.43
"70,890",18.90,378.10,523.70,101.30,72,0.53
"70,990",20.80,472.90,629.80,101.30,69,0.71
"71,090",22.80,402.70,447.40,101.20,68,0.55
"71,190",24.30,369.40,612.60,101.20,63,0.75
"71,290",23.50,350.30,596.10,101.30,67,0.67
"71,390",23.70,351.70,455,101.40,73,0.52
"71,490",23.20,387.70,652.40,101,75,0.70
"71,590",21.50,387.20,521,101,75,0.54
"71,690",22.60,380.40,638.90,101.30,69,0.72
"71,790",23.10,466.50,695.20,101.40,72,0.80
"71,890",23.20,442.80,679.40,101.20,71,0.77
"71,990",23.60,397.70,712.50,100.90,69,0.81
"72,090",22.20,375.80,634.70,101.10,74,0.66
"72,190",21.90,366.70,659.80,101.30,75,0.68
"72,290",22,365.80,587.50,101.20,75,0.60
"72,390",22,387.20,544.60,101.10,76,0.56
"72,490",20.50,403.60,472.10,101.10,73,0.51
"72,590",21,374.90,674,101.30,65,0.76
"72,690",21.40,351.70,660.60,101.50,66,0.72
"72,790",21.70,362.60,685.10,101.40,68,0.74
"72,890",21.50,370.40,675.50,101.30,69,0.71
"72,990",21.40,428.70,640.60,101.30,71,0.68
"73,090",22.70,456.50,649.60,101.30,70,0.74
"73,190",22.10,463.30,,101.30,72,0.74
"80,190",20.50,374.50,681.90,101.20,68,0.73
"80,290",20.80,390.40,628.80,101.40,65,0.72
"80,390",21.20,431.40,437.50,101.50,71,0.53
"80,490",21.20,478.80,509.90,101.40,75,0.56
"80,590",21.70,369,586.70,101.30,75,0.60
"80,690",22.70,362.20,589.80,101.30,73,0.63
"80,790",23,371.70,490.60,101.30,75,0.53
"80,890",22.60,397.20,452.30,101.30,76,0.50
"80,990",22.40,421.40,522.50,101.30,73,0.59
"81,090",22.20,425.90,434.60,101.30,78,0.47
"81,190",22.60,423.70,541,101.20,76,0.58
"81,290",22.50,399.50,590.80,101.30,77,0.62
"81,390",20.90,439.60,297,101.30,79,0.35
"81,490",20.60,338.50,303.70,101.30,81,0.30
"81,590",21.20,381.70,433.10,101.30,72,0.49
"81,690",22.20,429.10,562.70,101.40,67,0.67
"81,790",21.50,336.60,494.20,101.20,72,0.53
"81,890",20.20,376.30,301,101.30,77,0.35
"81,990",20.60,407.70,541.40,101.30,68,0.62
"82,090",20.70,426.40,648,101.30,65,0.76
"82,190",21.10,400,639.30,101.60,67,0.70
"82,290",21.30,371.70,639.30,101.40,70,0.67
"82,390",20.80,370.40,606,101.10,67,0.67
"82,490",20.80,426.80,376.70,101.40,69,0.51
"82,590",21.10,369,576.50,101.50,65,0.68
"82,690",21,453.70,628.50,101.60,61,0.77
"82,790",21.50,479.20,644.30,101.50,64,0.80
"82,890",22.90,405.40,639.90,101.40,64,0.78
"82,990",22,310.70,608.80,101.40,73,0.60
"83,090",21,375.40,567.80,101.20,76,0.55
"83,190",21.60,383.60,537.50,101.20,74,0.56
"90,190",21.10,361.20,550.50,101.20,71,0.58
"90,290",21.20,366.30,559,101.20,73,0.58
"90,390",21.60,363.10,554.80,101.10,74,0.57
"90,490",22,347.60,562.70,101.30,74,0.56
"90,590",23.60,319.30,589.10,101.40,71,0.62
"90,690",24.30,409.50,604,101.40,67,0.73
"90,790",24.40,383.10,591.50,101.20,58,0.77
"90,890",24.10,307.50,591.10,101,65,0.67
"90,990",24,346.70,585.40,100.90,68,0.65
"91,090",23.80,463.30,581.90,101,69,0.73
"91,190",23.70,458.30,578.20,101,62,0.79
"91,290",21.10,316.10,534.70,101,80,0.47
"91,390",20.30,335.30,503.90,101,78,0.44
"91,490",20.80,324.80,417.10,101.30,81,0.38
"91,590",21.60,288.80,463.30,101.20,74,0.44
"91,690",20.20,336.20,490.50,101,72,0.50
"91,790",19.90,387.70,470.60,101.20,68,0.53
"91,890",20.50,374.90,448,101.40,62,0.56
"91,990",20.30,451,408.90,101.10,65,0.56
"92,090",21,423.20,425.50,100.90,58,0.62
"92,190",21.70,349.90,501.20,101.30,62,0.60
"92,290",21.50,378.60,535.20,101.60,66,0.61
"92,390",21,405.40,453.80,101.60,70,0.51
"92,490",20.90,444.20,507.80,101.50,67,0.58
"92,590",20.90,421.80,500.30,101.50,71,0.54
"92,690",21.20,338.50,455.80,101.40,71,0.47
"92,790",20.40,388.60,252.60,101.30,68,0.38
"92,890",20.30,371.70,-999,101.20,70,0.45
"92,990",20.10,331.60,298.10,101.20,75,0.32
"93,090",20.90,376.30,464.40,101.10,73,0.50
"100,190",20.70,377.60,304.40,101.40,75,0.36
"100,290",20.60,310.20,240.10,101,71,0.33
"100,390",21.60,339.80,493.60,101.20,66,0.55
"100,490",22.20,369.40,510.70,101.50,68,0.55
"100,590",20.70,444.20,456.50,101.40,78,0.44
"100,690",20.40,376.70,413.20,101.30,70,0.48
"100,790",19.80,341.20,319.30,101.30,65,0.41
"100,890",21.10,350.30,471.50,101.50,56,0.64
"100,990",23.70,323.90,509.20,101.60,13,1.03
"101,090",22.80,225,487.80,101.10,19,0.82
"101,190",19.40,296.10,472.30,101.30,58,0.55
"101,290",19.20,354,463,101.30,71,0.42
"101,390",18.90,324.30,404,101.20,73,0.37
"101,490",19.40,363.50,388.70,101.20,70,0.42
"101,590",19.60,308.90,306.40,101.20,74,0.33
"101,690",20.10,380.40,337.80,101.10,70,0.41
"101,790",20.20,345.30,383.90,101.50,68,0.44
"101,890",19.80,327.10,265.60,101.40,77,0.30
"101,990",19.60,435,288,101.10,69,0.38
"102,090",20.10,404.10,437.10,101.30,63,0.54
"102,190",20.40,326.20,449.10,101.50,19,0.81
"102,290",20.70,227.30,433.70,101.20,23,0.70
"102,390",20.60,253.70,441.30,101.20,35,0.69
"102,490",20.70,308.40,418.40,101.40,39,0.62
"102,590",19.90,306.10,403.10,101.50,54,0.50
"102,690",18.40,324.80,406.10,101.30,64,0.42
"102,790",17.40,343,416.60,101.40,71,0.33
"102,890",17.40,329.80,358,101.40,79,0.25
"102,990",18.30,268.80,400.90,101.40,66,0.33
"103,090",18,256.50,286.20,101.60,81,0.21
"103,190",18.50,283.30,340.20,101.60,72,0.32
"110,190",17.30,442.30,-999,101.40,62,0.44
"110,290",17.10,433.20,-999,101.30,46,0.60
"110,390",16.30,265.10,399.10,101.80,24,0.57
"110,490",16.80,286.10,368.90,102,37,0.50
"110,590",16.60,302.90,389.90,101.20,56,0.44
"110,690",17.50,370.40,336.30,101,59,0.48
"110,790",16.90,507.50,386.20,101.60,21,0.83
"110,890",16.90,252.40,381.10,102,32,0.51
"110,990",19.50,289.30,362.80,101.70,38,0.58
"111,090",21.20,233.20,337.50,101.50,28,0.57
"111,190",20.60,194.10,321,101.70,30,0.54
"111,290",20.60,282.40,305,101.70,35,0.53
"111,390",19.20,265.60,356.70,101.40,42,0.45
"111,490",17.10,326.60,298.50,101.40,70,0.28
"111,590",16.80,310.70,338.10,101.70,66,0.29
"111,690",16.90,283.80,232.90,101.80,79,0.19
"111,790",17.40,292.90,322.70,101.80,75,0.27
"111,890",17.40,320.20,313.80,101.40,70,0.32
"111,990",16.50,462.80,152.80,101.10,72,0.26
"112,090",15.50,448.30,214.90,101.30,75,0.30
"112,190",14.70,342.10,302.40,101.80,60,0.34
"112,290",15.70,252.40,335.20,101.90,51,0.38
"112,390",17.50,272.90,320.60,101.50,31,0.51
"112,490",17.30,228.20,273.80,101.50,57,0.32
"112,590",15.90,264.20,303.40,101.50,66,0.29
"112,690",14.50,660.50,276.60,101.20,52,0.53
"112,790",13.40,315.20,325.50,101.80,46,0.40
"112,890",14.90,298.80,334.70,102.10,35,0.51
"112,990",15.10,272.40,313.20,102,30,0.52
"113,090",14.30,174.90,228.50,101.70,48,0.27
"120,190",13.90,246.90,309.30,101.70,48,0.32
"120,290",15.20,237.80,323.50,101.90,38,0.43
"120,390",16.10,244.20,302.50,102.10,26,0.51
"120,490",15.30,258.30,317.20,102.10,30,0.50
"120,590",15.50,242.30,222.90,101.80,32,0.40
"120,690",15.80,251.50,311.40,101.90,40,0.46
"120,790",16.40,277.40,269.10,101.80,21,0.56
"120,890",15.90,240.10,246.60,101.70,24,0.46
"120,990",15.20,184,307.30,101.80,31,0.40
"121,090",14.90,190,300.30,101.70,28,0.41
"121,190",15.70,220.90,205.60,101.50,50,0.30
"121,290",15.50,303.40,180.80,101.50,70,0.25
"121,390",14.60,282.40,191.40,101.70,57,0.30
"121,490",13.30,242.80,221.70,101.60,64,0.23
"121,590",13.10,253.30,216.30,101.30,61,0.25
"121,690",13.20,461,226.10,101.40,52,0.40
"121,790",12.40,248.30,285,102.10,59,0.28
"121,890",12.70,346.70,304,101.80,56,0.35
"121,990",13.90,705.60,195.50,101,71,0.37
"122,090",11,800.80,162.40,101.20,66,0.43
"122,190",9.40,520.70,133.80,101.40,63,0.33
"122,290",7.80,336.20,290.50,101.80,51,0.34
"122,390",8.20,296.10,231.60,102.40,29,0.40
"122,490",10.70,258.70,308.20,101.90,30,0.42
"122,590",10.10,211.40,235.40,101.80,39,0.32
"122,690",11.50,227.30,306.50,101.70,34,0.37
"122,790",12,213.20,215.70,101.40,34,0.35
"122,890",12.60,305.20,277.90,101,55,0.35
"122,990",12.20,328.40,147.90,101.50,70,0.20
"123,090",11.60,236.40,307.10,102.30,41,0.33
"123,190",11.20,204.10,290.80,102.10,40,0.32
